{"stat.pickup.minecraft.bone":22,"stat.leaveGame":2,"stat.mineBlock.minecraft.cobblestone":9,"stat.pickup.minecraft.flint":1,"stat.swimOneCm":46173,"stat.useItem.minecraft.planks":7,"stat.craftItem.minecraft.shield":1,"stat.mineBlock.minecraft.web":2,"stat.pickup.minecraft.glowstone_dust":2,"stat.pickup.minecraft.porkchop":24,"stat.mineBlock.quark.roots":2,"stat.useItem.minecraft.stone_slab2":26,"stat.useItem.minecraft.water_bucket":39,"stat.pickup.minecraft.rotten_flesh":36,"stat.craftItem.minecraft.furnace":2,"stat.craftItem.minecraft.stone_axe":2,"stat.craftItem.minecraft.iron_boots":1,"stat.pickup.minecraft.name_tag":1,"stat.craftItem.minecraft.stone_pickaxe":2,"stat.craftItem.minecraft.cooked_beef":6,"stat.pickup.minecraft.cobblestone":91,"stat.pickup.quark.black_ash":1,"stat.craftItem.minecraft.stone_sword":2,"stat.flyOneCm":118533,"stat.pickup.quark.rune":1,"stat.killEntity.Witch":3,"stat.useItem.minecraft.cooked_beef":6,"stat.pickup.quark.tallow":50,"stat.pickup.minecraft.redstone":1,"stat.mineBlock.minecraft.iron_ore":40,"stat.timeSinceDeath":86064,"stat.craftItem.minecraft.wooden_pickaxe":1,"stat.pickup.minecraft.mutton":10,"stat.pickup.minecraft.mossy_cobblestone":2,"stat.killEntity.Bat":1,"stat.furnaceInteraction":64,"stat.useItem.minecraft.cooked_porkchop":23,"stat.killEntity.ZombieVillager":3,"stat.mineBlock.minecraft.coal_ore":50,"stat.pickup.realistictorches.torch_unlit":16,"stat.pickup.minecraft.string":18,"stat.craftItem.minecraft.leather_helmet":1,"stat.useItem.realistictorches.torch_unlit":35,"stat.pickup.minecraft.beef":6,"stat.pickup.minecraft.furnace":6,"stat.useItem.minecraft.cooked_mutton":9,"stat.craftItem.minecraft.stone_slab2":0,"stat.pickup.minecraft.leather_helmet":1,"stat.mineBlock.realistictorches.torch_unlit":7,"stat.sprintOneCm":125513,"stat.pickup.minecraft.skull":2,"stat.craftItem.minecraft.stick":40,"stat.craftItem.minecraft.wooden_axe":1,"stat.useItem.minecraft.flint_and_steel":17,"stat.mineBlock.minecraft.crafting_table":6,"stat.pickup.minecraft.sugar":1,"stat.mineBlock.minecraft.planks":2,"stat.playOneMinute":86064,"stat.craftItem.minecraft.leather_chestplate":1,"stat.killEntity.Sheep":7,"stat.craftItem.minecraft.iron_pickaxe":1,"stat.killEntity.Zombie":37,"stat.mineBlock.minecraft.tallgrass":2,"stat.craftItem.minecraft.cooked_mutton":10,"stat.diveOneCm":70606,"stat.pickup.minecraft.wheat":3,"stat.chestOpened":11,"stat.pickup.minecraft.gravel":7,"stat.craftItem.minecraft.cooked_porkchop":24,"stat.mineBlock.quark.roots_black_flower":2,"stat.jump":1372,"stat.pickup.minecraft.coal":163,"stat.fallOneCm":21102,"stat.pickup.minecraft.iron_ingot":4,"stat.useItem.minecraft.stone_axe":74,"stat.pickup.minecraft.melon_seeds":10,"stat.pickup.minecraft.gunpowder":5,"stat.crouchOneCm":52594,"stat.mineBlock.minecraft.chest":2,"stat.pickup.minecraft.spider_eye":8,"stat.craftItem.minecraft.iron_ingot":30,"stat.pickup.minecraft.dirt":1,"stat.useItem.quark.root_flower":1,"stat.craftItem.minecraft.iron_helmet":1,"stat.mineBlock.realistictorches.torch_lit":1,"stat.craftingTableInteraction":28,"stat.pickup.minecraft.iron_ore":40,"stat.craftItem.minecraft.flint_and_steel":1,"stat.pickup.minecraft.wooden_pickaxe":2,"stat.damageTaken":3204,"stat.pickup.minecraft.leather":2,"stat.mineBlock.minecraft.furnace":8,"stat.useItem.minecraft.wooden_pickaxe":18,"stat.useItem.minecraft.furnace":1,"stat.mineBlock.biomesoplenty.plant_0":4,"stat.pickup.minecraft.planks":5,"stat.killEntity.CaveSpider":1,"stat.mineBlock.minecraft.gravel":8,"stat.useItem.minecraft.stone_pickaxe":139,"stat.useItem.minecraft.stone_sword":165,"stat.craftItem.minecraft.iron_leggings":1,"stat.damageDealt":12679,"stat.killEntity.Cow":3,"stat.mineBlock.quark.roots_blue_flower":1,"stat.mineBlock.minecraft.dirt":3,"stat.killEntity.Pig":14,"stat.craftItem.minecraft.leather":14,"stat.mineBlock.quark.biome_cobblestone":1,"stat.walkOneCm":204407,"stat.useItem.minecraft.bread":1,"stat.mineBlock.biomesoplenty.leaves_3":3,"stat.useItem.minecraft.chest":1,"stat.pickup.minecraft.crafting_table":5,"stat.pickup.minecraft.clay_ball":13,"stat.useItem.minecraft.cobblestone":19,"stat.craftItem.minecraft.crafting_table":1,"stat.useItem.minecraft.gravel":3,"stat.killEntity.quark:stoneling":2,"stat.mineBlock.quark.stone_speleothem":2,"stat.pickup.minecraft.log":17,"stat.pickup.quark.root_flower":7,"stat.pickup.minecraft.iron_pickaxe":1,"stat.craftItem.realistictorches.torch_unlit":68,"stat.craftItem.minecraft.iron_chestplate":1,"stat.pickup.minecraft.sapling":8,"stat.pickup.minecraft.apple":3,"stat.killEntity.Skeleton":8,"stat.craftItem.minecraft.bucket":1,"stat.craftItem.minecraft.planks":68,"stat.killEntity.Spider":4,"stat.pickup.quark.root":5,"stat.pickup.biomesoplenty.berries":4,"stat.killEntity.WitherSkeleton":2,"stat.pickup.minecraft.bread":1,"stat.mobKills":90,"stat.mineBlock.minecraft.log":18,"stat.mineBlock.minecraft.leaves":5,"stat.pickup.minecraft.iron_horse_armor":1,"stat.sneakTime":17262,"stat.useItem.minecraft.wooden_axe":21,"stat.killEntity.quark:ashen":1,"stat.mineBlock.minecraft.stone":38,"stat.pickup.minecraft.chest":2}