{"stat.chestOpened":6,"stat.walkOneCm":44452,"stat.pickup.minecraft.gravel":7,"stat.leaveGame":1,"stat.pickup.minecraft.crafting_table":2,"stat.craftItem.minecraft.cooked_porkchop":8,"stat.useItem.minecraft.cobblestone":5,"stat.craftItem.minecraft.crafting_table":1,"stat.furnaceInteraction":15,"stat.pickup.minecraft.flint":1,"stat.useItem.minecraft.gravel":3,"stat.useItem.minecraft.cooked_porkchop":2,"stat.mineBlock.minecraft.coal_ore":40,"stat.mineBlock.quark.stone_speleothem":2,"stat.mineBlock.quark.roots_black_flower":1,"stat.pickup.realistictorches.torch_unlit":7,"stat.pickup.minecraft.log":17,"stat.pickup.minecraft.string":1,"stat.useItem.realistictorches.torch_unlit":11,"stat.jump":334,"stat.swimOneCm":10912,"stat.pickup.minecraft.coal":73,"stat.fallOneCm":5348,"stat.useItem.minecraft.planks":7,"stat.craftItem.minecraft.shield":1,"stat.pickup.quark.root_flower":1,"stat.pickup.minecraft.iron_pickaxe":1,"stat.pickup.minecraft.furnace":2,"stat.craftItem.realistictorches.torch_unlit":16,"stat.useItem.minecraft.stone_axe":38,"stat.craftItem.minecraft.stone_slab2":0,"stat.pickup.minecraft.porkchop":8,"stat.mineBlock.quark.roots":1,"stat.crouchOneCm":17786,"stat.pickup.minecraft.spider_eye":1,"stat.mineBlock.realistictorches.torch_unlit":3,"stat.craftItem.minecraft.iron_ingot":2,"stat.pickup.minecraft.sapling":8,"stat.pickup.minecraft.dirt":1,"stat.useItem.quark.root_flower":1,"stat.sprintOneCm":29871,"stat.useItem.minecraft.stone_slab2":12,"stat.pickup.minecraft.apple":3,"stat.craftItem.minecraft.stick":12,"stat.craftItem.minecraft.wooden_axe":1,"stat.craftingTableInteraction":3,"stat.pickup.minecraft.iron_ore":2,"stat.pickup.minecraft.rotten_flesh":6,"stat.craftItem.minecraft.furnace":1,"stat.craftItem.minecraft.flint_and_steel":1,"stat.craftItem.minecraft.planks":68,"stat.craftItem.minecraft.stone_axe":1,"stat.useItem.minecraft.flint_and_steel":4,"stat.damageTaken":210,"stat.mineBlock.minecraft.crafting_table":2,"stat.killEntity.Spider":1,"stat.pickup.biomesoplenty.berries":4,"stat.craftItem.minecraft.stone_pickaxe":1,"stat.mineBlock.minecraft.furnace":2,"stat.useItem.minecraft.wooden_pickaxe":16,"stat.pickup.minecraft.cobblestone":33,"stat.mobKills":18,"stat.mineBlock.minecraft.log":18,"stat.mineBlock.biomesoplenty.plant_0":1,"stat.pickup.minecraft.planks":4,"stat.flyOneCm":24858,"stat.mineBlock.minecraft.planks":1,"stat.mineBlock.minecraft.leaves":4,"stat.playOneMinute":19249,"stat.mineBlock.minecraft.gravel":8,"stat.useItem.minecraft.stone_pickaxe":51,"stat.killEntity.Sheep":4,"stat.sneakTime":5186,"stat.pickup.quark.tallow":7,"stat.damageDealt":2633,"stat.mineBlock.minecraft.iron_ore":2,"stat.killEntity.Zombie":9,"stat.timeSinceDeath":19249,"stat.useItem.minecraft.wooden_axe":19,"stat.craftItem.minecraft.wooden_pickaxe":1,"stat.killEntity.Pig":4,"stat.mineBlock.minecraft.stone":20,"stat.mineBlock.minecraft.tallgrass":1,"stat.craftItem.minecraft.cooked_mutton":5,"stat.pickup.minecraft.mutton":5,"stat.diveOneCm":1125,"stat.pickup.minecraft.mossy_cobblestone":1}