{"stat.walkOneCm":24934,"stat.craftItem.minecraft.planks":28,"stat.killEntity.Chicken":22,"stat.pickup.minecraft.crafting_table":1,"stat.mineBlock.minecraft.crafting_table":1,"stat.pickup.minecraft.feather":15,"stat.damageTaken":300,"stat.useItem.minecraft.chicken":13,"stat.craftItem.minecraft.crafting_table":1,"stat.mobKills":22,"stat.mineBlock.minecraft.log":13,"stat.pickup.minecraft.log":13,"stat.flyOneCm":33233,"stat.jump":192,"stat.mineBlock.minecraft.leaves":1,"stat.swimOneCm":10893,"stat.playOneMinute":8531,"stat.fallOneCm":3146,"stat.sneakTime":380,"stat.damageDealt":921,"stat.crouchOneCm":706,"stat.pickup.minecraft.chicken":15,"stat.timeSinceDeath":8531,"stat.useItem.minecraft.wooden_axe":33,"stat.sprintOneCm":15841,"stat.useItem.minecraft.stone_slab2":1,"stat.craftItem.minecraft.wooden_pickaxe":1,"stat.diveOneCm":10279,"stat.craftItem.minecraft.stick":4,"stat.craftItem.minecraft.wooden_axe":1,"stat.craftingTableInteraction":1}